"30%cov, 40%VE","30%cov, 60%VE","30%cov, 80%VE","70%cov, 40%VE","70%cov, 60%VE","70%cov, 80%VE","30%cov, 40%VE","30%cov, 60%VE","30%cov, 80%VE","70%cov, 40%VE","70%cov, 60%VE","70%cov, 80%VE"
1.19992634678768,1.78284973749037,2.35490046297536,2.73039952392974,4.00922841417973,5.23599237331923,4.96711540555787,7.36097716474384,9.6979375381069,11.2253187689109,16.387558723121,21.2819524667918
1.35980899162712,2.01933134144939,2.66586741387918,3.08988946090685,4.53176611210964,5.91172701601171,5.49994534189357,8.14252852685714,10.7171130149318,12.396989287617,18.0578312323237,23.4003578087148
1.2382740906407,1.83926476291667,2.42868225815384,2.81538307145276,4.13116568690113,5.3916061991298,4.78906388091526,7.09056310575574,9.33309177572964,10.7964235306776,15.7280785326019,20.3828527358752
4.06230197539334,6.04645620616604,8.00048745706763,9.28686534796503,13.6902487690118,17.9471222701205,11.3997353042534,16.8806227277757,22.2229342464493,25.7100819213248,37.4695037724195,48.5801894750021
1.04594403825663,1.55347963205711,2.05117354759801,2.37766085167038,3.48835408158822,4.55204964965574,4.65994513453116,6.90629778071247,9.09961001168466,10.5333041511017,15.3801376089239,19.977417993276
