"set","rmort","rmortTB","CDRscaleO","fchild","vchild","rchild","w","pchild","pelderly","padult","n","uiscaleC","relderly","radult","x","fadult","felderly","vadult","CDRscale","e","nelderly","velderly","uiscaleA","uiscaleE","neta","CDRscaleE","p0"
1,-0.1255355944857,-0.467138886032626,-0.3156581253279,0.130225364200305,0.000272499900637194,0.00982666375814006,0.0123794462492224,0.0540912956721149,0.0438465872034431,0.198608548520133,0.215779398055747,0.215859844395891,0.356832819483243,0.389629624225199,0.332595986546949,0.669146571191959,0.482531494786963,0.294785536310333,0.32705691086594,0.564247811678797,0.87141997939907,0.905937779335422,5.35455366014503,9.02382537955418,14.1955169690773,1.70521518024616,1267142
2,0.341079681180418,0.821828900417313,0.472681050701067,0.000738036877010018,0.000282376428321004,0.0112513113557361,0.0148990368982777,0.0167759472643957,0.123759719245136,0.235903801277746,0.174527178285643,0.192021167441271,0.208735129497945,0.356865226849914,0.295514670806006,0.701242640963756,0.332383625861257,0.108865522763808,1.12714233603328,0.612586303148419,0.425602041836828,0.909091544521321,5.5860164470505,9.59594520973042,11.3696176949888,1.55607320887502,1267142
3,0.00820766603574152,0.234935643989593,-0.822692687390372,0.140796026028693,0.000259483813447878,0.0142673913855106,0.0199389367280528,0.0163405893044546,0.0632909838482738,0.109774877668824,0.209903866355307,0.211450727982447,0.23829269125592,0.498010818101466,0.270324463304132,0.561207593418658,0.465584731847048,0.579989222824015,1.28244129712693,0.730918558128178,0.953599542425945,0.834210675464477,3.22542575187981,11.7549349111505,9.26091036666185,1.39391106001567,1267142
